<?xml version='1.0' encoding='UTF-8'?>
<flow-definition plugin="workflow-job@2.9">
  <actions/>
  <description></description>
  <keepDependencies>false</keepDependencies>
  <properties>
    <hudson.model.ParametersDefinitionProperty>
      <parameterDefinitions>
        <hudson.model.BooleanParameterDefinition>
          <name>Create_schemas</name>
          <description></description>
          <defaultValue>false</defaultValue>
        </hudson.model.BooleanParameterDefinition>
      </parameterDefinitions>
    </hudson.model.ParametersDefinitionProperty>
    <org.jenkinsci.plugins.workflow.job.properties.PipelineTriggersJobProperty>
      <triggers/>
    </org.jenkinsci.plugins.workflow.job.properties.PipelineTriggersJobProperty>
  </properties>
  <definition class="org.jenkinsci.plugins.workflow.cps.CpsFlowDefinition" plugin="workflow-cps@2.25">
    <script>try{
node(&apos;master&apos;){
stage(&apos;Build&apos;){

def WORKSPACE=pwd()

sh &apos;/sbin/ip addr | grep -A1 eth0 | awk -F&quot; &quot; \&apos;/inet/ {print $2}\&apos; | awk -F&quot;/&quot; \&apos;{print $1}\&apos; &gt; ipNumber.txt&apos;
def ip = readFile &quot;ipNumber.txt&quot;
ip = ip.trim();
println ip

sh &quot;&quot;&quot;
#create schema only if the checkbox was checked
if [ \&quot;${Create_schemas}\&quot; = &quot;true&quot; ]; then
 sed -i &apos;s/=validate/=create/g&apos; &quot;shared_resources/resources/prod/internal_config_for_env.properties&quot;
 echo &quot;end change from validate to create&quot;
fi
&quot;&quot;&quot;

sh &quot;&quot;&quot;#!/bin/bash
export npm_config_http_proxy=
export npm_config_https_proxy=
export npm_config_cache=${WORKSPACE}/.cache
echo npm_config_cache=\$npm_config_cache
export no_proxy=&quot;localhost,127.0.0.1,.hpeswlab.net,.hpswlabs.adapps.hp.com,.devlab.ad&quot;

mvn clean
mvn -P production package install -DskipTests -am -ff -e -X&quot;&quot;&quot;
}

stage(&apos;Build DemoApp image&apos;){
sh &apos;&apos;&apos;#!/bin/bash
function buildLatest {
echo &quot;in buildLatest&quot;
docker build -t $1 .
if [ $? -ne 0 ]
 then
   exit 1
fi
}

function buildTag {
echo &quot;in buildTag&quot;
echo docker tag $1 $2:$3

docker tag $1 $2:$3
if [ $? -ne 0 ]
 then
  exit 1
fi
}

REPOSITORY_NAME=&quot;dockertomcat&quot;

CONTAINERID=`docker ps -a | grep -w ${REPOSITORY_NAME} | awk -F&quot; &quot; &apos;{print $1}&apos;`

echo &quot;CONTAINERID=$CONTAINERID&quot;

if [ ! -z $CONTAINERID ];then
 #stop the tomcat container
 docker rm -f $CONTAINERID
fi

# saving the latest image into a file and read it to get the image id
IMAGEID=`docker images | grep -w &quot;${REPOSITORY_NAME}&quot; | grep latest | awk -F&quot; &quot; &apos;{ print $3 }&apos;`

echo &quot;IMAGEID=$IMAGEID&quot;

if [ -z $IMAGEID ];then
 #need to create latest
 buildLatest $REPOSITORY_NAME
 #need to create original tag
 TAG=&quot;original&quot;
 IMAGEID=`docker images | grep -w &quot;${REPOSITORY_NAME}&quot; | grep latest | awk -F&quot; &quot; &apos;{ print $3 }&apos;`
 buildTag $IMAGEID $REPOSITORY_NAME $TAG
else
 #tag the image with build number
 TAG=`echo $BUILD_NUMBER`
 buildTag $IMAGEID $REPOSITORY_NAME $TAG
 buildLatest $REPOSITORY_NAME
fi

docker run -d -p 8888:8080 $REPOSITORY_NAME
&apos;&apos;&apos;

}

}
}catch(err){
    currentBuild.result = &apos;FAILURE&apos;
}</script>
    <sandbox>true</sandbox>
  </definition>
  <triggers/>
</flow-definition>
